UserID,FullName,ContactNum,WardNum,WardName,Email,Password,userType
0,Valesh Pereira,9481941988,1,Kempegowda,ValeshPereira@gmail.com,ValeshPereira123,mayor
1,Arun Kumar,9845500215,1,Kempegowda,ArunKumar@gmail.com,ArunKumar123,wc
2,Vignesh Sankaran,9731755598,1,Kempegowda,VigneshSankaran@gmail.com,VigneshSankaran123,citizen
3,Ayesha,9900569951,1,Kempegowda,Ayesha@gmail.com,Ayesha123,citizen
4,iChange,9845612332,1,Kempegowda,iChange@gmail.com,iChange123,citizen
5,Revathi,8971584912,1,Kempegowda,Revathi@gmail.com,Revathi123,citizen
6,Priya Suresh,9945845036,1,Kempegowda,PriyaSuresh@gmail.com,PriyaSuresh123,citizen
7,Rakesh Harigovinda,9980855322,1,Kempegowda,RakeshHarigovinda@gmail.com,RakeshHarigovinda123,citizen
8,Kk Nayar,9449473858,1,Kempegowda,KkNayar@gmail.com,KkNayar123,citizen
9,Thomas,8197871693,1,Kempegowda,Thomas@gmail.com,Thomas123,citizen
10,Shashidhara,9986388347,1,Kempegowda,Shashidhara@gmail.com,Shashidhara123,citizen
11,Ayyanna.g,9886378468,1,Kempegowda,Ayyanna.g@gmail.com,Ayyanna.g123,citizen
12,Rajith S Pillai,9341736640,1,Kempegowda,RajithSPillai@gmail.com,RajithSPillai123,citizen
13,Mousumi,9845698464,1,Kempegowda,Mousumi@gmail.com,Mousumi123,citizen
14,Nilesh Pande,9008448549,1,Kempegowda,NileshPande@gmail.com,NileshPande123,citizen
15,Kavya S,9880854541,1,Kempegowda,KavyaS@gmail.com,KavyaS123,citizen
16,Madaram,9742109651,1,Kempegowda,Madaram@gmail.com,Madaram123,citizen
17,Anurag Chowdhury,9980470980,1,Kempegowda,AnuragChowdhury@gmail.com,AnuragChowdhury123,citizen
18,Ramachandran,8095008899,1,Kempegowda,Ramachandran@gmail.com,Ramachandran123,citizen
19,akhila,9480825773,1,Kempegowda,akhila@gmail.com,akhila123,citizen
20,Ananth K,9739316606,1,Kempegowda,AnanthK@gmail.com,AnanthK123,citizen
21,JAGANNATH M S,9845007628,1,Kempegowda,JAGANNATHMS@gmail.com,JAGANNATHMS123,citizen
22,Vinay Sagar,9844503532,1,Kempegowda,VinaySagar@gmail.com,VinaySagar123,citizen
23,Shine,8495091246,1,Kempegowda,Shine@gmail.com,Shine123,citizen
24,Smitha shree k,7795120657,1,Kempegowda,Smithashreek@gmail.com,Smithashreek123,citizen
25,Shamantha N Karekal,7795709010,1,Kempegowda,ShamanthaNKarekal@gmail.com,ShamanthaNKarekal123,citizen
26,Prasanna Prabhu,9743826874,1,Kempegowda,PrasannaPrabhu@gmail.com,PrasannaPrabhu123,citizen
27,Smitha,9845540859,1,Kempegowda,Smitha@gmail.com,Smitha123,citizen
28,Danish Akhtar,8892704353,1,Kempegowda,DanishAkhtar@gmail.com,DanishAkhtar123,citizen
29,salman farooq,9481941988,1,Kempegowda,salmanfarooq@gmail.com,salmanfarooq123,citizen
30,kishorgauniyal,9845291141,1,Kempegowda,kishorgauniyal@gmail.com,kishorgauniyal123,citizen
31,Prdeepak,9611555428,1,Kempegowda,Prdeepak@gmail.com,Prdeepak123,citizen
32,Debendra Prasad,8944004486,1,Kempegowda,DebendraPrasad@gmail.com,DebendraPrasad123,citizen
33,Shankar K,9481941988,1,Kempegowda,ShankarK@gmail.com,ShankarK123,citizen
34,Deepak Prabhu,9986089042,1,Kempegowda,DeepakPrabhu@gmail.com,DeepakPrabhu123,citizen
35,Pallavi,9980177466,1,Kempegowda,Pallavi@gmail.com,Pallavi123,citizen
36,T S MANOJ,9448010199,1,Kempegowda,TSMANOJ@gmail.com,TSMANOJ123,citizen
37,Sardar Hussain A,9035033876,1,Kempegowda,SardarHussainA@gmail.com,SardarHussainA123,citizen
38,Vasudeva,9845406502,1,Kempegowda,Vasudeva@gmail.com,Vasudeva123,citizen
39,RMV Enclave Residents Association,8023516089,1,Kempegowda,RMVEnclaveResidentsAssociation@gmail.com,RMVEnclaveResidentsAssociation123,citizen
40,Raj,9845003468,1,Kempegowda,Raj@gmail.com,Raj123,citizen
41,Dr. Ambrose Pinto SJ,8025466393,1,Kempegowda,Dr.AmbrosePintoSJ@gmail.com,Dr.AmbrosePintoSJ123,citizen
42,A Gnanasekaran,9945388553,1,Kempegowda,AGnanasekaran@gmail.com,AGnanasekaran123,citizen
43,Avinash Chinchwadkar,7795210287,1,Kempegowda,AvinashChinchwadkar@gmail.com,AvinashChinchwadkar123,citizen
44,parul,9740012375,1,Kempegowda,parul@gmail.com,parul123,citizen
45,Kaustubh,9686496859,1,Kempegowda,Kaustubh@gmail.com,Kaustubh123,citizen
46,Vidhu Bhushan,9535573445,1,Kempegowda,VidhuBhushan@gmail.com,VidhuBhushan123,citizen
47,Sowmya Krishna,8867286234,1,Kempegowda,SowmyaKrishna@gmail.com,SowmyaKrishna123,citizen
48,parangita,9901970714,1,Kempegowda,parangita@gmail.com,parangita123,citizen
49,Latha,9986602333,1,Kempegowda,Latha@gmail.com,Latha123,citizen
50,Chandrahas,9739097640,1,Kempegowda,Chandrahas@gmail.com,Chandrahas123,citizen
51,Thirumalai M,9845246822,1,Kempegowda,ThirumalaiM@gmail.com,ThirumalaiM123,citizen
52,Mahantesh Dharwad,9731390200,1,Kempegowda,MahanteshDharwad@gmail.com,MahanteshDharwad123,citizen
53,Ben,8095397727,1,Kempegowda,Ben@gmail.com,Ben123,citizen
54,shilpa,9480100869,1,Kempegowda,shilpa@gmail.com,shilpa123,citizen
55,Buntys73,9036171928,1,Kempegowda,Buntys73@gmail.com,Buntys73123,citizen
56,Vinay Bharadwaj,9591010324,1,Kempegowda,VinayBharadwaj@gmail.com,VinayBharadwaj123,citizen
57,Arun,9845074805,1,Kempegowda,Arun@gmail.com,Arun123,citizen
58,Panduranga,9243195832,1,Kempegowda,Panduranga@gmail.com,Panduranga123,citizen
59,Anitha Kiran K,9845301638,1,Kempegowda,AnithaKiranK@gmail.com,AnithaKiranK123,citizen
60,Albert James T,9986182542,1,Kempegowda,AlbertJamesT@gmail.com,AlbertJamesT123,citizen
61,Nischay Madan,9741077446,1,Kempegowda,NischayMadan@gmail.com,NischayMadan123,citizen
62,Purushotham,9916604425,1,Kempegowda,Purushotham@gmail.com,Purushotham123,citizen
63,Anasuya Singha Roy,9449835612,1,Kempegowda,AnasuyaSinghaRoy@gmail.com,AnasuyaSinghaRoy123,citizen
64,Navaneeth,8792609105,1,Kempegowda,Navaneeth@gmail.com,Navaneeth123,citizen
65,vijendra,9886029976,1,Kempegowda,vijendra@gmail.com,vijendra123,citizen
66,Anoop George,9686605936,1,Kempegowda,AnoopGeorge@gmail.com,AnoopGeorge123,citizen
67,Lakshmi narayan,9980355518,1,Kempegowda,Lakshminarayan@gmail.com,Lakshminarayan123,citizen
68,Mayank,9164712224,1,Kempegowda,Mayank@gmail.com,Mayank123,citizen
69,Vignesh,8861777266,1,Kempegowda,Vignesh@gmail.com,Vignesh123,citizen
70,Anil Kumar K,9964457777,1,Kempegowda,AnilKumarK@gmail.com,AnilKumarK123,citizen
71,Jobish Pattambi,8547878462,1,Kempegowda,JobishPattambi@gmail.com,JobishPattambi123,citizen
72,Piyushkedia,9886161061,1,Kempegowda,Piyushkedia@gmail.com,Piyushkedia123,citizen
73,Rifran Crasta,9741472123,1,Kempegowda,RifranCrasta@gmail.com,RifranCrasta123,citizen
74,Prasanth Menon,7353934884,1,Kempegowda,PrasanthMenon@gmail.com,PrasanthMenon123,citizen
75,Rohini chaudhari,9902020614,1,Kempegowda,Rohinichaudhari@gmail.com,Rohinichaudhari123,citizen
76,Sathish Rajendran,9945958571,1,Kempegowda,SathishRajendran@gmail.com,SathishRajendran123,citizen
77,Dishank S Gowda,9900551155,1,Kempegowda,DishankSGowda@gmail.com,DishankSGowda123,citizen
78,Vinod Jacob,9845009966,1,Kempegowda,VinodJacob@gmail.com,VinodJacob123,citizen
79,Pramod N M,9886740520,1,Kempegowda,PramodNM@gmail.com,PramodNM123,citizen
80,Pooja S,9886643660,1,Kempegowda,PoojaS@gmail.com,PoojaS123,citizen
81,Layavadi,9880034317,1,Kempegowda,Layavadi@gmail.com,Layavadi123,citizen
82,Aarbi Choubey,9900994330,1,Kempegowda,AarbiChoubey@gmail.com,AarbiChoubey123,citizen
83,Kamal,8867790186,1,Kempegowda,Kamal@gmail.com,Kamal123,citizen
84,ABayer,9341736640,1,Kempegowda,ABayer@gmail.com,ABayer123,citizen
85,Mohammed Yousuf,9886764451,1,Kempegowda,MohammedYousuf@gmail.com,MohammedYousuf123,citizen
86,P and T Lyt Residents,9035526077,1,Kempegowda,PandTLytResidents@gmail.com,PandTLytResidents123,citizen
87,Kanchana P. J,9980255221,1,Kempegowda,KanchanaP.J@gmail.com,KanchanaP.J123,citizen
88,Harsha Malligere,9686269955,1,Kempegowda,HarshaMalligere@gmail.com,HarshaMalligere123,citizen
89,Khan,9845079395,1,Kempegowda,Khan@gmail.com,Khan123,citizen
90,Srivatsan BK,8792531597,1,Kempegowda,SrivatsanBK@gmail.com,SrivatsanBK123,citizen
91,Ranjith,9632080925,1,Kempegowda,Ranjith@gmail.com,Ranjith123,citizen
92,Vikrant bengani,9686235217,1,Kempegowda,Vikrantbengani@gmail.com,Vikrantbengani123,citizen
93,Rajath,9845500215,1,Kempegowda,Rajath@gmail.com,Rajath123,citizen
94,Ann Maria Job,8105378492,1,Kempegowda,AnnMariaJob@gmail.com,AnnMariaJob123,citizen
95,Arun Bhaskar V,9986356184,1,Kempegowda,ArunBhaskarV@gmail.com,ArunBhaskarV123,citizen
96,Gautham Krishnon,9535719481,1,Kempegowda,GauthamKrishnon@gmail.com,GauthamKrishnon123,citizen
97,ganesh prasad bhat,9686452295,1,Kempegowda,ganeshprasadbhat@gmail.com,ganeshprasadbhat123,citizen
98,sushma k swamy,9880315169,1,Kempegowda,sushmakswamy@gmail.com,sushmakswamy123,citizen
99,Rajeev Ranjan Kumar,9663193344,1,Kempegowda,RajeevRanjanKumar@gmail.com,RajeevRanjanKumar123,citizen
100,Jose ce,9535550238,1,Kempegowda,Josece@gmail.com,Josece123,citizen
101,Rama Pradeep,9880034317,1,Kempegowda,RamaPradeep@gmail.com,RamaPradeep123,citizen
102,Sumati,9448277674,1,Kempegowda,Sumati@gmail.com,Sumati123,citizen
103,Kirtish Prasad,8892507498,1,Kempegowda,KirtishPrasad@gmail.com,KirtishPrasad123,citizen
104,Raja Bala,8495091246,1,Kempegowda,RajaBala@gmail.com,RajaBala123,citizen
105,Girish Raju,9845861860,1,Kempegowda,GirishRaju@gmail.com,GirishRaju123,citizen
106,SHREYAS,9164766414,1,Kempegowda,SHREYAS@gmail.com,SHREYAS123,citizen
107,Shiva Shankar,9845118351,1,Kempegowda,ShivaShankar@gmail.com,ShivaShankar123,citizen
108,P vidhyasagar arya,9980511975,1,Kempegowda,Pvidhyasagararya@gmail.com,Pvidhyasagararya123,citizen
109,Santosh Kumar H S,8880561230,1,Kempegowda,SantoshKumarHS@gmail.com,SantoshKumarHS123,citizen
110,Vishnu,8861368899,1,Kempegowda,Vishnu@gmail.com,Vishnu123,citizen
111,Syedraza,9886736009,1,Kempegowda,Syedraza@gmail.com,Syedraza123,citizen
112,Prasanna Sugavanam,9986023460,1,Kempegowda,PrasannaSugavanam@gmail.com,PrasannaSugavanam123,citizen
113,Sivarama Krishnaiah,9886736009,1,Kempegowda,SivaramaKrishnaiah@gmail.com,SivaramaKrishnaiah123,citizen
114,P J SUDHEENDRA KASHYAP,9986626251,1,Kempegowda,PJSUDHEENDRAKASHYAP@gmail.com,PJSUDHEENDRAKASHYAP123,citizen
115,Mukesh Gope,9431174366,1,Kempegowda,MukeshGope@gmail.com,MukeshGope123,citizen
116,Guru,9663818283,1,Kempegowda,Guru@gmail.com,Guru123,citizen
117,Sairam,9686607371,1,Kempegowda,Sairam@gmail.com,Sairam123,citizen
118,Ramdev Satyanarayana,9980817721,1,Kempegowda,RamdevSatyanarayana@gmail.com,RamdevSatyanarayana123,citizen
119,ankireddy obireddy,9449023181,1,Kempegowda,ankireddyobireddy@gmail.com,ankireddyobireddy123,citizen
120,Anishkpillai,9066254288,1,Kempegowda,Anishkpillai@gmail.com,Anishkpillai123,citizen
121,senthilkumar S,9066422608,1,Kempegowda,senthilkumarS@gmail.com,senthilkumarS123,citizen
122,Pradeepraj,9686683366,1,Kempegowda,Pradeepraj@gmail.com,Pradeepraj123,citizen
123,Rajshekar Ramnath,9632018840,1,Kempegowda,RajshekarRamnath@gmail.com,RajshekarRamnath123,citizen
124,Shivanand Sabarad,9620504282,1,Kempegowda,ShivanandSabarad@gmail.com,ShivanandSabarad123,citizen
125,Shyam,9480322638,1,Kempegowda,Shyam@gmail.com,Shyam123,citizen
126,K Harish,7411723179,1,Kempegowda,KHarish@gmail.com,KHarish123,citizen
127,Harsha C M,8123900389,1,Kempegowda,HarshaCM@gmail.com,HarshaCM123,citizen
128,Menalic Kuruvilla,9880455564,1,Kempegowda,MenalicKuruvilla@gmail.com,MenalicKuruvilla123,citizen
129,Rishab Gupta,8971199211,1,Kempegowda,RishabGupta@gmail.com,RishabGupta123,citizen
130,Guruprasad b.s,9740223938,1,Kempegowda,Guruprasadb.s@gmail.com,Guruprasadb.s123,citizen
131,Shruthi DP,9743967594,1,Kempegowda,ShruthiDP@gmail.com,ShruthiDP123,citizen
132,Chandra Mouli,9739803135,1,Kempegowda,ChandraMouli@gmail.com,ChandraMouli123,citizen
133,Vatsal kashyap,9686417160,1,Kempegowda,Vatsalkashyap@gmail.com,Vatsalkashyap123,citizen
134,Srikrishna,8105501200,1,Kempegowda,Srikrishna@gmail.com,Srikrishna123,citizen
135,Varun,9611416480,1,Kempegowda,Varun@gmail.com,Varun123,citizen
136,kirti mohanty,9886366697,1,Kempegowda,kirtimohanty@gmail.com,kirtimohanty123,citizen
137,Sudarshan Hegde,9886541816,1,Kempegowda,SudarshanHegde@gmail.com,SudarshanHegde123,citizen
138,GowriShankar,9036357028,1,Kempegowda,GowriShankar@gmail.com,GowriShankar123,citizen
139,Johnson,9342564821,1,Kempegowda,Johnson@gmail.com,Johnson123,citizen
140,Neethu kamath,9902401886,1,Kempegowda,Neethukamath@gmail.com,Neethukamath123,citizen
141,Shree Krishna,9900404879,1,Kempegowda,ShreeKrishna@gmail.com,ShreeKrishna123,citizen
142,shovik,8152001709,1,Kempegowda,shovik@gmail.com,shovik123,citizen
143,Amith Pallavoor,9845246822,1,Kempegowda,AmithPallavoor@gmail.com,AmithPallavoor123,citizen
144,Arunachalam,9986258055,1,Kempegowda,Arunachalam@gmail.com,Arunachalam123,citizen
145,Saket M,9886535241,1,Kempegowda,SaketM@gmail.com,SaketM123,citizen
146,Sangita Pradhan,9880315169,1,Kempegowda,SangitaPradhan@gmail.com,SangitaPradhan123,citizen
147,Falcon,9886967547,1,Kempegowda,Falcon@gmail.com,Falcon123,citizen
148,Mohammad Arif Iqbal,8861027223,1,Kempegowda,MohammadArifIqbal@gmail.com,MohammadArifIqbal123,citizen
149,Bhaskar Reddy,9980504859,1,Kempegowda,BhaskarReddy@gmail.com,BhaskarReddy123,citizen
150,Mrs. PARAMASIVAN P,9880836947,1,Kempegowda,Mrs.PARAMASIVANP@gmail.com,Mrs.PARAMASIVANP123,citizen
151,arun,9900211408,1,Kempegowda,arun@gmail.com,arun123,citizen
152,VishnududeDucati,9844388352,1,Kempegowda,VishnududeDucati@gmail.com,VishnududeDucati123,citizen
153,Niladri,9903889780,1,Kempegowda,Niladri@gmail.com,Niladri123,citizen
154,Sarala Pinto,9886082200,1,Kempegowda,SaralaPinto@gmail.com,SaralaPinto123,citizen
155,Deepak,7411664526,1,Kempegowda,Deepak@gmail.com,Deepak123,citizen
156,Njk,9901970714,1,Kempegowda,Njk@gmail.com,Njk123,citizen
157,Sudhakar ram reddy,9945558735,1,Kempegowda,Sudhakarramreddy@gmail.com,Sudhakarramreddy123,citizen
158,Noreen,8971111136,1,Kempegowda,Noreen@gmail.com,Noreen123,citizen
159,Sultan Mohammad,8197170123,1,Kempegowda,SultanMohammad@gmail.com,SultanMohammad123,citizen
160,SHUVRO TALUKDER,9845793967,1,Kempegowda,SHUVROTALUKDER@gmail.com,SHUVROTALUKDER123,citizen
161,ashavinod,9945237818,1,Kempegowda,ashavinod@gmail.com,ashavinod123,citizen
162,Sarat,9008772890,1,Kempegowda,Sarat@gmail.com,Sarat123,citizen
163,Muruganand D,8050282717,1,Kempegowda,MuruganandD@gmail.com,MuruganandD123,citizen
164,Mohammed Nayeem,9742777700,1,Kempegowda,MohammedNayeem@gmail.com,MohammedNayeem123,citizen
165,N.Harish,7760121655,1,Kempegowda,N.Harish@gmail.com,N.Harish123,citizen
166,THARANATH A,9845905000,1,Kempegowda,THARANATHA@gmail.com,THARANATHA123,citizen
167,Keerthana Anto,9632849985,1,Kempegowda,KeerthanaAnto@gmail.com,KeerthanaAnto123,citizen
168,sreejith,9986736881,1,Kempegowda,sreejith@gmail.com,sreejith123,citizen
169,chinnaswamy Sekar,9886833083,1,Kempegowda,chinnaswamySekar@gmail.com,chinnaswamySekar123,citizen
170,R J,9686111225,1,Kempegowda,RJ@gmail.com,RJ123,citizen
171,Prashi,9880533855,1,Kempegowda,Prashi@gmail.com,Prashi123,citizen
172,Pradeeep HK,9886703622,1,Kempegowda,PradeeepHK@gmail.com,PradeeepHK123,citizen
173,badari,9986406031,1,Kempegowda,badari@gmail.com,badari123,citizen
174,Ashwin Belagodu,9743493662,1,Kempegowda,AshwinBelagodu@gmail.com,AshwinBelagodu123,citizen
175,Priyanka Pai,9901970714,1,Kempegowda,PriyankaPai@gmail.com,PriyankaPai123,citizen
176,Chandu,9008920022,1,Kempegowda,Chandu@gmail.com,Chandu123,citizen
177,Santrect,8880827411,1,Kempegowda,Santrect@gmail.com,Santrect123,citizen
178,Mendonca J P,9611666366,1,Kempegowda,MendoncaJP@gmail.com,MendoncaJP123,citizen
179,Gautam Rao,9972592325,1,Kempegowda,GautamRao@gmail.com,GautamRao123,citizen
180,Saravanan Musuvathi,9986503965,1,Kempegowda,SaravananMusuvathi@gmail.com,SaravananMusuvathi123,citizen
181,Belliappa,9449986754,1,Kempegowda,Belliappa@gmail.com,Belliappa123,citizen
182,Pramodh Thomas,9886020870,1,Kempegowda,PramodhThomas@gmail.com,PramodhThomas123,citizen
183,AKASH DAS,9886366697,1,Kempegowda,AKASHDAS@gmail.com,AKASHDAS123,citizen
184,Shubham Kumar,9845199806,1,Kempegowda,ShubhamKumar@gmail.com,ShubhamKumar123,citizen
185,Hasna,9845542235,1,Kempegowda,Hasna@gmail.com,Hasna123,citizen
186,Dayanichakravarthy,9945244952,1,Kempegowda,Dayanichakravarthy@gmail.com,Dayanichakravarthy123,citizen
187,ismail zabiulla,9620912121,1,Kempegowda,ismailzabiulla@gmail.com,ismailzabiulla123,citizen
188,Harish,9008709609,1,Kempegowda,Harish@gmail.com,Harish123,citizen
189,Vipin Thomas,8880827411,1,Kempegowda,VipinThomas@gmail.com,VipinThomas123,citizen
190,Prajwal,8892820213,1,Kempegowda,Prajwal@gmail.com,Prajwal123,citizen
191,Harogoppada Eswarappa,9663703827,1,Kempegowda,HarogoppadaEswarappa@gmail.com,HarogoppadaEswarappa123,citizen
192,Andrewvijayan,9739269608,1,Kempegowda,Andrewvijayan@gmail.com,Andrewvijayan123,citizen
193,imran nawaz,9980342917,1,Kempegowda,imrannawaz@gmail.com,imrannawaz123,citizen
194,a p suresh babu,9980138435,1,Kempegowda,apsureshbabu@gmail.com,apsureshbabu123,citizen
195,Praveen Raja,9964193369,1,Kempegowda,PraveenRaja@gmail.com,PraveenRaja123,citizen
196,Murale Santanam,9620688786,1,Kempegowda,MuraleSantanam@gmail.com,MuraleSantanam123,citizen
197,Mohan Kumar Hm,7411203610,1,Kempegowda,MohanKumarHm@gmail.com,MohanKumarHm123,citizen
198,Achutha.M,9844060342,1,Kempegowda,Achutha.M@gmail.com,Achutha.M123,citizen
199,Maheshcv,9663022800,1,Kempegowda,Maheshcv@gmail.com,Maheshcv123,citizen
200,Klpnana Rao,9632018840,1,Kempegowda,KlpnanaRao@gmail.com,KlpnanaRao123,citizen
201,Surya Prasad CA,9008777578,1,Kempegowda,SuryaPrasadCA@gmail.com,SuryaPrasadCA123,citizen
202,Prakash,9986987428,1,Kempegowda,Prakash@gmail.com,Prakash123,citizen
203,Sandeep Ramanathan,9743229977,1,Kempegowda,SandeepRamanathan@gmail.com,SandeepRamanathan123,citizen
204,Jamal Mohamed,9448974820,1,Kempegowda,JamalMohamed@gmail.com,JamalMohamed123,citizen
205,Dr Hemant Agrawal,9980056360,1,Kempegowda,DrHemantAgrawal@gmail.com,DrHemantAgrawal123,citizen
206,Prapulla Chandra,9448592982,1,Kempegowda,PrapullaChandra@gmail.com,PrapullaChandra123,citizen
207,Sathwik Shasthri S,9743660348,1,Kempegowda,SathwikShasthriS@gmail.com,SathwikShasthriS123,citizen
208,Prakash Krishnaswamy,9535457252,1,Kempegowda,PrakashKrishnaswamy@gmail.com,PrakashKrishnaswamy123,citizen
209,N V RAGHURAM,9916956539,1,Kempegowda,NVRAGHURAM@gmail.com,NVRAGHURAM123,citizen
210,Vinay,9611854791,1,Kempegowda,Vinay@gmail.com,Vinay123,citizen
211,Sumit Nigam,9810394745,1,Kempegowda,SumitNigam@gmail.com,SumitNigam123,citizen
212,Girish.mv,9738102033,1,Kempegowda,Girish.mv@gmail.com,Girish.mv123,citizen
213,Sujay,9845747171,1,Kempegowda,Sujay@gmail.com,Sujay123,citizen
214,Binisha,9986952025,1,Kempegowda,Binisha@gmail.com,Binisha123,citizen
215,maazmajeed,9632018840,1,Kempegowda,maazmajeed@gmail.com,maazmajeed123,citizen
216,Milinnd,9845590953,1,Kempegowda,Milinnd@gmail.com,Milinnd123,citizen
217,Gururaj Potnis,9900142453,1,Kempegowda,GururajPotnis@gmail.com,GururajPotnis123,citizen
218,Mohammed Haris Sumair,9738441785,1,Kempegowda,MohammedHarisSumair@gmail.com,MohammedHarisSumair123,citizen
219,Ashish Khandelwal,9591150606,1,Kempegowda,AshishKhandelwal@gmail.com,AshishKhandelwal123,citizen
220,Varun Devayya,9886654962,1,Kempegowda,VarunDevayya@gmail.com,VarunDevayya123,citizen
221,Smthakurdesai,9886045765,1,Kempegowda,Smthakurdesai@gmail.com,Smthakurdesai123,citizen
222,savithri padmanabhan,9900499245,1,Kempegowda,savithripadmanabhan@gmail.com,savithripadmanabhan123,citizen
223,Bheemappa Bandikeri,9972317830,1,Kempegowda,BheemappaBandikeri@gmail.com,BheemappaBandikeri123,citizen
224,Vivek Mehrotra,9739197566,1,Kempegowda,VivekMehrotra@gmail.com,VivekMehrotra123,citizen
225,Hemanth Padmakar,9741146009,1,Kempegowda,HemanthPadmakar@gmail.com,HemanthPadmakar123,citizen
226,Santoshtalwar,9886674789,1,Kempegowda,Santoshtalwar@gmail.com,Santoshtalwar123,citizen
227,Harshith Jain,9980800980,1,Kempegowda,HarshithJain@gmail.com,HarshithJain123,citizen
228,Nitish Raj,9738102033,1,Kempegowda,NitishRaj@gmail.com,NitishRaj123,citizen
229,BINDU,9445407856,1,Kempegowda,BINDU@gmail.com,BINDU123,citizen
230,Saroja Sitaram,9880223376,1,Kempegowda,SarojaSitaram@gmail.com,SarojaSitaram123,citizen
231,Madhura Mokashi,7259915430,1,Kempegowda,MadhuraMokashi@gmail.com,MadhuraMokashi123,citizen
232,Dibyendu Shekhar Pramanik,9449112328,1,Kempegowda,DibyenduShekharPramanik@gmail.com,DibyenduShekharPramanik123,citizen
233,Satanand,9886219922,1,Kempegowda,Satanand@gmail.com,Satanand123,citizen
234,vidyasagar b upoadhye,8095033388,1,Kempegowda,vidyasagarbupoadhye@gmail.com,vidyasagarbupoadhye123,citizen
235,NOEL D,9035046606,1,Kempegowda,NOELD@gmail.com,NOELD123,citizen
236,Jayanti,9686111225,1,Kempegowda,Jayanti@gmail.com,Jayanti123,citizen
237,Mahaveer,9035211645,1,Kempegowda,Mahaveer@gmail.com,Mahaveer123,citizen
238,Reshma Lall,9742405830,1,Kempegowda,ReshmaLall@gmail.com,ReshmaLall123,citizen
239,Sekhar K Reddy,9880211577,1,Kempegowda,SekharKReddy@gmail.com,SekharKReddy123,citizen
240,Namratha,8050866080,1,Kempegowda,Namratha@gmail.com,Namratha123,citizen
241,Rathan,9739116826,1,Kempegowda,Rathan@gmail.com,Rathan123,citizen
242,Anitak,9980800980,1,Kempegowda,Anitak@gmail.com,Anitak123,citizen
243,Gurappa Gajendra,9008374621,1,Kempegowda,GurappaGajendra@gmail.com,GurappaGajendra123,citizen
244,Gadhadar,9845021449,1,Kempegowda,Gadhadar@gmail.com,Gadhadar123,citizen
245,Puja Kiran,9535278545,1,Kempegowda,PujaKiran@gmail.com,PujaKiran123,citizen
246,Harishhg10,9880451750,1,Kempegowda,Harishhg10@gmail.com,Harishhg10123,citizen
247,Rakesh Varma,7760975267,1,Kempegowda,RakeshVarma@gmail.com,RakeshVarma123,citizen
248,Akshaya.jain,9731144922,1,Kempegowda,Akshaya.jain@gmail.com,Akshaya.jain123,citizen
249,Tripti,8904530020,1,Kempegowda,Tripti@gmail.com,Tripti123,citizen
250,Syedxxx0071333,9845310075,1,Kempegowda,Syedxxx0071333@gmail.com,Syedxxx0071333123,citizen
251,Jeevan,9880354722,1,Kempegowda,Jeevan@gmail.com,Jeevan123,citizen
252,Sahin siddique,9741077446,1,Kempegowda,Sahinsiddique@gmail.com,Sahinsiddique123,citizen
253,Aswini Nair,9742944111,1,Kempegowda,AswiniNair@gmail.com,AswiniNair123,citizen
254,Avisek Roy,8884208251,1,Kempegowda,AvisekRoy@gmail.com,AvisekRoy123,citizen
255,Shashak kiran,9916306870,1,Kempegowda,Shashakkiran@gmail.com,Shashakkiran123,citizen
256,jenma jayaprakash k,9980800980,1,Kempegowda,jenmajayaprakashk@gmail.com,jenmajayaprakashk123,citizen
257,Nawaz Ahmed,9901202428,1,Kempegowda,NawazAhmed@gmail.com,NawazAhmed123,citizen
258,Karthik,9945562820,1,Kempegowda,Karthik@gmail.com,Karthik123,citizen
259,Hassansuresh,9972528104,1,Kempegowda,Hassansuresh@gmail.com,Hassansuresh123,citizen
260,Drkeshav,9916921001,1,Kempegowda,Drkeshav@gmail.com,Drkeshav123,citizen
261,Rahul Vylen,9739097640,1,Kempegowda,RahulVylen@gmail.com,RahulVylen123,citizen
262,Naresh Bhat,9482154705,1,Kempegowda,NareshBhat@gmail.com,NareshBhat123,citizen
263,Swacch Bharath,9686235217,1,Kempegowda,SwacchBharath@gmail.com,SwacchBharath123,citizen
264,Anjan Acharya,9945311561,1,Kempegowda,AnjanAcharya@gmail.com,AnjanAcharya123,citizen
265,Ramesh Devaraj,9880390339,1,Kempegowda,RameshDevaraj@gmail.com,RameshDevaraj123,citizen
266,Rajkumar Dakshinamurthy,9886674022,1,Kempegowda,RajkumarDakshinamurthy@gmail.com,RajkumarDakshinamurthy123,citizen
267,Vivek Naik,9986068146,1,Kempegowda,VivekNaik@gmail.com,VivekNaik123,citizen
268,Madhu,9833979021,1,Kempegowda,Madhu@gmail.com,Madhu123,citizen
269,Ashish,9738801062,1,Kempegowda,Ashish@gmail.com,Ashish123,citizen
270,Vinod Kasthuri,7022256807,1,Kempegowda,VinodKasthuri@gmail.com,VinodKasthuri123,citizen
271,Vasudevan Deepak,8553930850,1,Kempegowda,VasudevanDeepak@gmail.com,VasudevanDeepak123,citizen
272,Vikas D N,9741495683,1,Kempegowda,VikasDN@gmail.com,VikasDN123,citizen
273,indu,9035914309,1,Kempegowda,indu@gmail.com,indu123,citizen
274,A SHEKAR,9880854541,1,Kempegowda,ASHEKAR@gmail.com,ASHEKAR123,citizen
275,rvkhatavkar,8088818800,1,Kempegowda,rvkhatavkar@gmail.com,rvkhatavkar123,citizen
276,venkatesh,9739008444,1,Kempegowda,venkatesh@gmail.com,venkatesh123,citizen
277,Aveek,9916109817,1,Kempegowda,Aveek@gmail.com,Aveek123,citizen
278,Harikrishnanprabahar,9686343588,1,Kempegowda,Harikrishnanprabahar@gmail.com,Harikrishnanprabahar123,citizen
279,shruthi,9611936396,1,Kempegowda,shruthi@gmail.com,shruthi123,citizen
280,Raghavendra Bhat,9686367364,1,Kempegowda,RaghavendraBhat@gmail.com,RaghavendraBhat123,citizen
281,sathya,9483961735,1,Kempegowda,sathya@gmail.com,sathya123,citizen
282,Sandeep H M,7259019530,1,Kempegowda,SandeepHM@gmail.com,SandeepHM123,citizen
283,Rajesh Prabhu,9686588775,1,Kempegowda,RajeshPrabhu@gmail.com,RajeshPrabhu123,citizen
284,Anand Ravi,9611083503,1,Kempegowda,AnandRavi@gmail.com,AnandRavi123,citizen
285,R SHREEDHARA,9449856230,1,Kempegowda,RSHREEDHARA@gmail.com,RSHREEDHARA123,citizen
286,Akarsh,9886393561,1,Kempegowda,Akarsh@gmail.com,Akarsh123,citizen
287,hariharan,9343888702,1,Kempegowda,hariharan@gmail.com,hariharan123,citizen
288,phaneendran,9731977007,1,Kempegowda,phaneendran@gmail.com,phaneendran123,citizen
289,Dutta,9742978573,1,Kempegowda,Dutta@gmail.com,Dutta123,citizen
290,smartnaaz,9986009617,1,Kempegowda,smartnaaz@gmail.com,smartnaaz123,citizen
291,Arunchandra,9880864632,1,Kempegowda,Arunchandra@gmail.com,Arunchandra123,citizen
292,Thejas Jain,9449629167,1,Kempegowda,ThejasJain@gmail.com,ThejasJain123,citizen
293,Aruna,9738857335,1,Kempegowda,Aruna@gmail.com,Aruna123,citizen
294,Naresh T,9686203138,1,Kempegowda,NareshT@gmail.com,NareshT123,citizen
295,Pricilla Arthi Arasu,9686577554,1,Kempegowda,PricillaArthiArasu@gmail.com,PricillaArthiArasu123,citizen
296,Ravishankar.v.g,9945146344,1,Kempegowda,Ravishankar.v.g@gmail.com,Ravishankar.v.g123,citizen
297,Raji,9845168662,1,Kempegowda,Raji@gmail.com,Raji123,citizen
298,Divya,9632225454,1,Kempegowda,Divya@gmail.com,Divya123,citizen
299,Prudhvish K,9886177676,1,Kempegowda,PrudhvishK@gmail.com,PrudhvishK123,citizen
300,akshay singh,9591024672,1,Kempegowda,akshaysingh@gmail.com,akshaysingh123,citizen
301,Nikunj agarwal,9999999999,1,Kempegowda,Nikunjagarwal@gmail.com,Nikunjagarwal123,citizen
302,Mithun M,9845305107,1,Kempegowda,MithunM@gmail.com,MithunM123,citizen
303,Rajesh,9916921001,1,Kempegowda,Rajesh@gmail.com,Rajesh123,citizen
304,Srinath Mohan,9845391041,1,Kempegowda,SrinathMohan@gmail.com,SrinathMohan123,citizen
305,Ravishankar,9880788909,1,Kempegowda,Ravishankar@gmail.com,Ravishankar123,citizen
306,Raghunath K C,9000190001,1,Kempegowda,RaghunathKC@gmail.com,RaghunathKC123,citizen
307,SREEKRISHNA C,9844260924,1,Kempegowda,SREEKRISHNAC@gmail.com,SREEKRISHNAC123,citizen
308,MSK,9980226088,1,Kempegowda,MSK@gmail.com,MSK123,citizen
309,parameswar,9538744777,1,Kempegowda,parameswar@gmail.com,parameswar123,citizen
310,Shashikant m,9902004308,1,Kempegowda,Shashikantm@gmail.com,Shashikantm123,citizen
311,anil,9980800980,1,Kempegowda,anil@gmail.com,anil123,citizen
312,Shalabh,9900327890,1,Kempegowda,Shalabh@gmail.com,Shalabh123,citizen
313,Komal,7760577757,1,Kempegowda,Komal@gmail.com,Komal123,citizen
314,Pradeep IAS,9060775044,1,Kempegowda,PradeepIAS@gmail.com,PradeepIAS123,citizen
315,Sanjeevamurthy M. H.,8971111136,1,Kempegowda,SanjeevamurthyM.H.@gmail.com,SanjeevamurthyM.H.123,citizen
316,Narayana Reddy,9900327890,1,Kempegowda,NarayanaReddy@gmail.com,NarayanaReddy123,citizen
317,Priyanka Purkayastha,9481941988,1,Kempegowda,PriyankaPurkayastha@gmail.com,PriyankaPurkayastha123,citizen
318,Krish,9611416480,1,Kempegowda,Krish@gmail.com,Krish123,citizen
319,sanjana shetty,9591736088,1,Kempegowda,sanjanashetty@gmail.com,sanjanashetty123,citizen
320,Prasad Atmaram,9738411597,1,Kempegowda,PrasadAtmaram@gmail.com,PrasadAtmaram123,citizen
321,Kgmalla_reddy,9886045765,1,Kempegowda,Kgmalla_reddy@gmail.com,Kgmalla_reddy123,citizen
322,Aparna Kansal,9886355199,1,Kempegowda,AparnaKansal@gmail.com,AparnaKansal123,citizen
323,Latha Maheswari,9980295880,1,Kempegowda,LathaMaheswari@gmail.com,LathaMaheswari123,citizen
324,Shiv,9845747171,1,Kempegowda,Shiv@gmail.com,Shiv123,citizen
325,Hemanth,8951028336,1,Kempegowda,Hemanth@gmail.com,Hemanth123,citizen
326,binay dokania,9445407856,1,Kempegowda,binaydokania@gmail.com,binaydokania123,citizen
327,Naveen,9036357028,1,Kempegowda,Naveen@gmail.com,Naveen123,citizen
328,Binil V Npy,9739594324,1,Kempegowda,BinilVNpy@gmail.com,BinilVNpy123,citizen
329,Swathi AP,8147896234,1,Kempegowda,SwathiAP@gmail.com,SwathiAP123,citizen
330,sreenadh,9900521636,1,Kempegowda,sreenadh@gmail.com,sreenadh123,citizen
331,Ranju John,9986644692,1,Kempegowda,RanjuJohn@gmail.com,RanjuJohn123,citizen
332,Vijay Kumara N,9663884656,1,Kempegowda,VijayKumaraN@gmail.com,VijayKumaraN123,citizen
333,V.narayan,9886795213,1,Kempegowda,V.narayan@gmail.com,V.narayan123,citizen
334,Kranthi Sagar,8105590412,1,Kempegowda,KranthiSagar@gmail.com,KranthiSagar123,citizen
335,bharathi,9739992936,1,Kempegowda,bharathi@gmail.com,bharathi123,citizen
336,Svraghunandan,9632018840,1,Kempegowda,Svraghunandan@gmail.com,Svraghunandan123,citizen
337,Shashank Bansal,9902561561,1,Kempegowda,ShashankBansal@gmail.com,ShashankBansal123,citizen
338,Sshreevardhan,9886722310,1,Kempegowda,Sshreevardhan@gmail.com,Sshreevardhan123,citizen
339,Santosh Rao,9844310867,1,Kempegowda,SantoshRao@gmail.com,SantoshRao123,citizen
340,Srikanth Bhaskar,9686860746,1,Kempegowda,SrikanthBhaskar@gmail.com,SrikanthBhaskar123,citizen
341,Venkatesh Murthy,9448381405,1,Kempegowda,VenkateshMurthy@gmail.com,VenkateshMurthy123,citizen
342,Raghavendra,9663866921,1,Kempegowda,Raghavendra@gmail.com,Raghavendra123,citizen
343,Syed,9945913264,2,Marenahalli,Syed@gmail.com,Syed123,citizen
344,Rameshrthi,9845376407,2,Marenahalli,Rameshrthi@gmail.com,Rameshrthi123,citizen
348,Megha Kothari,9741077446,2,Marenahalli,MeghaKothari@gmail.com,MeghaKothari123,citizen
353,Prem Kumar. N,9632018840,2,Marenahalli,PremKumar.N@gmail.com,PremKumar.N123,citizen
357,Samartha Ramakrishna Ekabote,9945064815,2,Marenahalli,SamarthaRamakrishnaEkabote@gmail.com,SamarthaRamakrishnaEkabote123,citizen
361,Syed Aleem,8374164736,2,Marenahalli,SyedAleem@gmail.com,SyedAleem123,citizen
364,Mohammed Nayeem,9481941988,2,Marenahalli,MohammedNayeem@gmail.com,MohammedNayeem123,citizen
367,Mohan,9980800980,2,Marenahalli,Mohan@gmail.com,Mohan123,citizen
371,Jaishan Kashyap,8088886664,2,Marenahalli,JaishanKashyap@gmail.com,JaishanKashyap123,citizen
372,Praveen A G E,9916837100,2,Marenahalli,PraveenAGE@gmail.com,PraveenAGE123,citizen
375,Guruprasad,9632550449,2,Marenahalli,Guruprasad@gmail.com,Guruprasad123,citizen
377,shilpa,9845747171,2,Marenahalli,shilpa@gmail.com,shilpa123,citizen
383,Krishna kishore M,9901022889,2,Marenahalli,KrishnakishoreM@gmail.com,KrishnakishoreM123,citizen
398,Ajith,9611125339,2,Marenahalli,Ajith@gmail.com,Ajith123,citizen
399,Akhil Sikharam,9036628838,2,Marenahalli,AkhilSikharam@gmail.com,AkhilSikharam123,citizen
401,Parsh18,9845207576,2,Marenahalli,Parsh18@gmail.com,Parsh18123,citizen
405,Gajendra .g,9164720997,2,Marenahalli,Gajendra.g@gmail.com,Gajendra.g123,citizen
406,Janardhana M,7760975267,2,Marenahalli,JanardhanaM@gmail.com,JanardhanaM123,citizen
407,Anand Patil,9535457252,2,Marenahalli,AnandPatil@gmail.com,AnandPatil123,citizen
411,Raghunath,9590314333,2,Marenahalli,Raghunath@gmail.com,Raghunath123,citizen
413,Shyam,9480322638,2,Marenahalli,Shyam@gmail.com,Shyam123,citizen
414,Krishnan,9900026490,2,Marenahalli,Krishnan@gmail.com,Krishnan123,citizen
424,Amith Pallavoor,9845246822,2,Marenahalli,AmithPallavoor@gmail.com,AmithPallavoor123,citizen
425,Sudhi,7406188099,2,Marenahalli,Sudhi@gmail.com,Sudhi123,citizen
426,Madhu Kumar Kr,7259501093,2,Marenahalli,MadhuKumarKr@gmail.com,MadhuKumarKr123,citizen
429,SFS 407 union,9999999999,2,Marenahalli,SFS407union@gmail.com,SFS407union123,citizen
432,Pramod R Prasad,9620212005,2,Marenahalli,PramodRPrasad@gmail.com,PramodRPrasad123,citizen
434,Narayana Reddy,9900327890,2,Marenahalli,NarayanaReddy@gmail.com,NarayanaReddy123,citizen
437,Madhu Kumar Kr,9632550449,2,Marenahalli,MadhuKumarKr@gmail.com,MadhuKumarKr123,citizen
438,Soumya Kumar Nayak,8884934979,2,Marenahalli,SoumyaKumarNayak@gmail.com,SoumyaKumarNayak123,citizen
448,Arpitha J,9916921001,2,Marenahalli,ArpithaJ@gmail.com,ArpithaJ123,citizen
451,Sandeep Ramanathan,9743229977,2,Marenahalli,SandeepRamanathan@gmail.com,SandeepRamanathan123,citizen
454,Bhooshith.B,9538736611,2,Marenahalli,Bhooshith.B@gmail.com,Bhooshith.B123,citizen
456,Sreesha,9986736881,2,Marenahalli,Sreesha@gmail.com,Sreesha123,citizen
459,Parthasarathy,9342564821,2,Marenahalli,Parthasarathy@gmail.com,Parthasarathy123,citizen
463,Bharathi,9741198002,2,Marenahalli,Bharathi@gmail.com,Bharathi123,citizen
465,Parsh18,9449835612,2,Marenahalli,Parsh18@gmail.com,Parsh18123,citizen
467,Sureshkumar M,9743660348,2,Marenahalli,SureshkumarM@gmail.com,SureshkumarM123,citizen
468,C G Navaneeth,9341736640,2,Marenahalli,CGNavaneeth@gmail.com,CGNavaneeth123,citizen
474,Vasudevan Easwaran,8884407094,2,Marenahalli,VasudevanEaswaran@gmail.com,VasudevanEaswaran123,citizen
477,Justin,9686588775,2,Marenahalli,Justin@gmail.com,Justin123,citizen
480,Shashi kumar m,9739116826,2,Marenahalli,Shashikumarm@gmail.com,Shashikumarm123,citizen
484,Srinvasan. S,9686453559,2,Marenahalli,Srinvasan.S@gmail.com,Srinvasan.S123,citizen
485,Venk,8197871693,2,Marenahalli,Venk@gmail.com,Venk123,citizen
486,Basant kumar singh,7829067834,2,Marenahalli,Basantkumarsingh@gmail.com,Basantkumarsingh123,citizen
491,Umesh H Gowda,9972592325,2,Marenahalli,UmeshHGowda@gmail.com,UmeshHGowda123,citizen
493,Nitin Kumar,7306336781,2,Marenahalli,NitinKumar@gmail.com,NitinKumar123,citizen
495,Gopalkrishna,9845521836,2,Marenahalli,Gopalkrishna@gmail.com,Gopalkrishna123,citizen
497,Raj,9343187149,2,Marenahalli,Raj@gmail.com,Raj123,citizen
498,Suvendu,9999999999,2,Marenahalli,Suvendu@gmail.com,Suvendu123,citizen
499,Harogoppada Eswarappa,9972168630,2,Marenahalli,HarogoppadaEswarappa@gmail.com,HarogoppadaEswarappa123,citizen
500,Arunodoy,9901822005,2,Marenahalli,Arunodoy@gmail.com,Arunodoy123,citizen
501,Nischay Madan,8495091246,2,Marenahalli,NischayMadan@gmail.com,NischayMadan123,citizen
509,Megha Jain,9902401886,2,Marenahalli,MeghaJain@gmail.com,MeghaJain123,citizen
511,Santosh Rao,9844310867,2,Marenahalli,SantoshRao@gmail.com,SantoshRao123,citizen
514,vidyasagar b upoadhye,8095033388,2,Marenahalli,vidyasagarbupoadhye@gmail.com,vidyasagarbupoadhye123,citizen
517,Noreen,9900569951,2,Marenahalli,Noreen@gmail.com,Noreen123,citizen
524,Pavitra.k.r.,9845168662,2,Marenahalli,Pavitra.k.r.@gmail.com,Pavitra.k.r.123,citizen
525,Gautham Krishnon,9632018840,2,Marenahalli,GauthamKrishnon@gmail.com,GauthamKrishnon123,citizen
527,Sfasil,9611032032,2,Marenahalli,Sfasil@gmail.com,Sfasil123,citizen
540,Avisek Roy,8884208251,2,Marenahalli,AvisekRoy@gmail.com,AvisekRoy123,citizen
543,Manoj Chawla,9538736611,2,Marenahalli,ManojChawla@gmail.com,ManojChawla123,citizen
545,Harishhg10,9900327890,2,Marenahalli,Harishhg10@gmail.com,Harishhg10123,citizen
547,Prashob,9900392907,2,Marenahalli,Prashob@gmail.com,Prashob123,citizen
548,usha gs,9731144922,2,Marenahalli,ushags@gmail.com,ushags123,citizen
550,Vinay Sagar,9980355518,2,Marenahalli,VinaySagar@gmail.com,VinaySagar123,citizen
555,Jagan T,9686453559,2,Marenahalli,JaganT@gmail.com,JaganT123,citizen
560,Niranjan,9738036524,2,Marenahalli,Niranjan@gmail.com,Niranjan123,citizen
563,Jcmanjesh,9845645804,2,Marenahalli,Jcmanjesh@gmail.com,Jcmanjesh123,citizen
564,Dayanichakravarthy,9945244952,2,Marenahalli,Dayanichakravarthy@gmail.com,Dayanichakravarthy123,citizen
565,Vishruth Muthyala,9342564821,2,Marenahalli,VishruthMuthyala@gmail.com,VishruthMuthyala123,citizen
566,Ashok Johri,9620539274,2,Marenahalli,AshokJohri@gmail.com,AshokJohri123,citizen
569,Naveenrv,9060775044,2,Marenahalli,Naveenrv@gmail.com,Naveenrv123,citizen
572,Santosh Rao,9844310867,2,Marenahalli,SantoshRao@gmail.com,SantoshRao123,citizen
573,Naina Bharathi,9986193705,2,Marenahalli,NainaBharathi@gmail.com,NainaBharathi123,citizen
579,Aravind Kamath,9035046606,2,Marenahalli,AravindKamath@gmail.com,AravindKamath123,citizen
580,Raghavendra Bhat,9686367364,2,Marenahalli,RaghavendraBhat@gmail.com,RaghavendraBhat123,citizen
583,Palani Kodeswaran,9739400066,2,Marenahalli,PalaniKodeswaran@gmail.com,PalaniKodeswaran123,citizen
585,Chandra Mohan,9845402908,2,Marenahalli,ChandraMohan@gmail.com,ChandraMohan123,citizen
587,Jayakrishnan.m,9886674789,2,Marenahalli,Jayakrishnan.m@gmail.com,Jayakrishnan.m123,citizen
592,Swathi AP,8147896234,2,Marenahalli,SwathiAP@gmail.com,SwathiAP123,citizen
596,Gautham Krishnon,7795120657,2,Marenahalli,GauthamKrishnon@gmail.com,GauthamKrishnon123,citizen
597,Jamal Mohamed,9945558735,2,Marenahalli,JamalMohamed@gmail.com,JamalMohamed123,citizen
598,Parthasarathy Gooptu,7259562179,2,Marenahalli,ParthasarathyGooptu@gmail.com,ParthasarathyGooptu123,citizen
600,Mohan Sridhar,9845144335,2,Marenahalli,MohanSridhar@gmail.com,MohanSridhar123,citizen
602,Vinutha.joshi,9945562820,2,Marenahalli,Vinutha.joshi@gmail.com,Vinutha.joshi123,citizen
605,Balaraj Srinivasan,9972168630,2,Marenahalli,BalarajSrinivasan@gmail.com,BalarajSrinivasan123,citizen
606,keshava kumar nanjundappa,9880315169,2,Marenahalli,keshavakumarnanjundappa@gmail.com,keshavakumarnanjundappa123,citizen
607,Nogumbalan Santosh,9591736088,2,Marenahalli,NogumbalanSantosh@gmail.com,NogumbalanSantosh123,citizen
609,Kushaal Gupta,9886045765,2,Marenahalli,KushaalGupta@gmail.com,KushaalGupta123,citizen
612,Bharath MC,9845305107,2,Marenahalli,BharathMC@gmail.com,BharathMC123,citizen
613,Shuaib Shuaib,9880854541,2,Marenahalli,ShuaibShuaib@gmail.com,ShuaibShuaib123,citizen
623,Chandra shekar,9742405830,2,Marenahalli,Chandrashekar@gmail.com,Chandrashekar123,citizen
627,Anand,9886412503,2,Marenahalli,Anand@gmail.com,Anand123,citizen
628,Kumar,9000511449,2,Marenahalli,Kumar@gmail.com,Kumar123,citizen
630,nagu,8453026045,2,Marenahalli,nagu@gmail.com,nagu123,citizen
633,Shashi kumar m,9845020498,2,Marenahalli,Shashikumarm@gmail.com,Shashikumarm123,citizen
634,Naina Bharathi,9986193705,2,Marenahalli,NainaBharathi@gmail.com,NainaBharathi123,citizen
636,Sindhoor,9972472472,2,Marenahalli,Sindhoor@gmail.com,Sindhoor123,citizen
638,Jagan T,9036171928,2,Marenahalli,JaganT@gmail.com,JaganT123,citizen
641,Dr. Chandan Chavadi,9845376407,2,Marenahalli,Dr.ChandanChavadi@gmail.com,Dr.ChandanChavadi123,citizen
644,Vishnuprasadh,9845301638,2,Marenahalli,Vishnuprasadh@gmail.com,Vishnuprasadh123,citizen
646,Naresh,9663866921,2,Marenahalli,Naresh@gmail.com,Naresh123,citizen
656,Vinod Kasthuri,7022256807,2,Marenahalli,VinodKasthuri@gmail.com,VinodKasthuri123,citizen
657,Dibyajyoti Mohanta,9986020986,2,Marenahalli,DibyajyotiMohanta@gmail.com,DibyajyotiMohanta123,citizen
658,Rajnish,9880285762,2,Marenahalli,Rajnish@gmail.com,Rajnish123,citizen
660,Kumar Divya Singh,9738135375,2,Marenahalli,KumarDivyaSingh@gmail.com,KumarDivyaSingh123,citizen
665,Srikanth,9901453348,2,Marenahalli,Srikanth@gmail.com,Srikanth123,citizen
667,Madhavi,9620623279,2,Marenahalli,Madhavi@gmail.com,Madhavi123,citizen
668,Surya Prasad CA,9886967547,2,Marenahalli,SuryaPrasadCA@gmail.com,SuryaPrasadCA123,citizen
669,Geetha K,9743493662,2,Marenahalli,GeethaK@gmail.com,GeethaK123,citizen
673,Nitish,9986697344,2,Marenahalli,Nitish@gmail.com,Nitish123,citizen
675,Suresh,9880034317,2,Marenahalli,Suresh@gmail.com,Suresh123,citizen
677,M S Venkatesh Prasad,7795210287,2,Marenahalli,MSVenkateshPrasad@gmail.com,MSVenkateshPrasad123,citizen
682,Suresh Ram,9845009966,2,Marenahalli,SureshRam@gmail.com,SureshRam123,citizen
683,Pawanjot Singh,9035914309,2,Marenahalli,PawanjotSingh@gmail.com,PawanjotSingh123,citizen
685,Aiyappa M M,9886353080,2,Marenahalli,AiyappaMM@gmail.com,AiyappaMM123,citizen
686,Nswamybc,8374164736,2,Marenahalli,Nswamybc@gmail.com,Nswamybc123,citizen
696,Manoj Chawla,9886393561,2,Marenahalli,ManojChawla@gmail.com,ManojChawla123,citizen
697,akshay singh,9591024672,2,Marenahalli,akshaysingh@gmail.com,akshaysingh123,citizen
700,Pradeep,9008772890,2,Marenahalli,Pradeep@gmail.com,Pradeep123,citizen
703,Sarayu,9620539274,2,Marenahalli,Sarayu@gmail.com,Sarayu123,citizen
704,Veerabhadra,9663378690,2,Marenahalli,Veerabhadra@gmail.com,Veerabhadra123,citizen
705,Suku Thomas Samuel,9611032032,2,Marenahalli,SukuThomasSamuel@gmail.com,SukuThomasSamuel123,citizen
706,Kaarthikeyan Mani,8088818800,2,Marenahalli,KaarthikeyanMani@gmail.com,KaarthikeyanMani123,citizen
709,Santwana,9632800277,2,Marenahalli,Santwana@gmail.com,Santwana123,citizen
710,Akarsh,9980826874,2,Marenahalli,Akarsh@gmail.com,Akarsh123,citizen
711,Prashi,9880533855,2,Marenahalli,Prashi@gmail.com,Prashi123,citizen
712,Diwakar,9916272098,2,Marenahalli,Diwakar@gmail.com,Diwakar123,citizen
713,Sandeshkaup,8904847468,2,Marenahalli,Sandeshkaup@gmail.com,Sandeshkaup123,citizen
714,Suresh Kulkarni,9066422608,2,Marenahalli,SureshKulkarni@gmail.com,SureshKulkarni123,citizen
719,Venkatesh,8951028336,2,Marenahalli,Venkatesh@gmail.com,Venkatesh123,citizen
720,Anil Kumar,9738801062,2,Marenahalli,AnilKumar@gmail.com,AnilKumar123,citizen
739,Tania Dey,9743137822,2,Marenahalli,TaniaDey@gmail.com,TaniaDey123,citizen
741,Subbaiah,9035028899,2,Marenahalli,Subbaiah@gmail.com,Subbaiah123,citizen
747,Sunil Menon,9845645804,2,Marenahalli,SunilMenon@gmail.com,SunilMenon123,citizen
749,Syed mushtaq,9945388553,2,Marenahalli,Syedmushtaq@gmail.com,Syedmushtaq123,citizen
750,Amith Pallavoor,9880864632,2,Marenahalli,AmithPallavoor@gmail.com,AmithPallavoor123,citizen
751,Shaji,9738102033,2,Marenahalli,Shaji@gmail.com,Shaji123,citizen
753,LOKESH,9164766414,2,Marenahalli,LOKESH@gmail.com,LOKESH123,citizen
756,Divya,8951701418,2,Marenahalli,Divya@gmail.com,Divya123,citizen
758,Shashikant m,9686235217,2,Marenahalli,Shashikantm@gmail.com,Shashikantm123,citizen
770,Raj,9916956539,2,Marenahalli,Raj@gmail.com,Raj123,citizen
777,Subz,9901453348,2,Marenahalli,Subz@gmail.com,Subz123,citizen
780,Mohammed Mustaq,9739809724,2,Marenahalli,MohammedMustaq@gmail.com,MohammedMustaq123,citizen
785,Suresh Kulkarni,9826425576,2,Marenahalli,SureshKulkarni@gmail.com,SureshKulkarni123,citizen
790,Vinutha.joshi,9538736611,2,Marenahalli,Vinutha.joshi@gmail.com,Vinutha.joshi123,citizen
796,Kvenkatraman6,8880827411,2,Marenahalli,Kvenkatraman6@gmail.com,Kvenkatraman6123,citizen
797,Pawanjot Singh,9845118351,2,Marenahalli,PawanjotSingh@gmail.com,PawanjotSingh123,citizen
799,Vharihar,8495091246,2,Marenahalli,Vharihar@gmail.com,Vharihar123,citizen
800,Undefined,9945845036,2,Marenahalli,Undefined@gmail.com,Undefined123,citizen
806,Jagadish,7760969247,2,Marenahalli,Jagadish@gmail.com,Jagadish123,citizen
807,Raghavendra,9916837100,2,Marenahalli,Raghavendra@gmail.com,Raghavendra123,citizen
810,Arvind Prasad Raj,9741495683,2,Marenahalli,ArvindPrasadRaj@gmail.com,ArvindPrasadRaj123,citizen
816,Sharath,9945514192,2,Marenahalli,Sharath@gmail.com,Sharath123,citizen
818,Jayatheertha,9986023460,2,Marenahalli,Jayatheertha@gmail.com,Jayatheertha123,citizen
820,Vignesh,8861777266,2,Marenahalli,Vignesh@gmail.com,Vignesh123,citizen
822,Purnachandra,9535550238,2,Marenahalli,Purnachandra@gmail.com,Purnachandra123,citizen
823,Faisal,9845291141,2,Marenahalli,Faisal@gmail.com,Faisal123,citizen
825,Pramod Hebbani,9886643660,2,Marenahalli,PramodHebbani@gmail.com,PramodHebbani123,citizen
826,Ajith,9535823523,2,Marenahalli,Ajith@gmail.com,Ajith123,citizen
832,Harish Devarajan,9739097640,2,Marenahalli,HarishDevarajan@gmail.com,HarishDevarajan123,citizen
834,varun shenoy,9035033876,2,Marenahalli,varunshenoy@gmail.com,varunshenoy123,citizen
835,Harish Kumar,9164712224,2,Marenahalli,HarishKumar@gmail.com,HarishKumar123,citizen
838,Shashidhara,9986388347,2,Marenahalli,Shashidhara@gmail.com,Shashidhara123,citizen
839,Rums,8553930850,2,Marenahalli,Rums@gmail.com,Rums123,citizen
840,Shashank Bansal,7406895777,2,Marenahalli,ShashankBansal@gmail.com,ShashankBansal123,citizen
844,Vivek Gatty,9740333189,2,Marenahalli,VivekGatty@gmail.com,VivekGatty123,citizen
845,Jeevan,9663022800,2,Marenahalli,Jeevan@gmail.com,Jeevan123,citizen
846,ankireddy obireddy,9986089042,2,Marenahalli,ankireddyobireddy@gmail.com,ankireddyobireddy123,citizen
847,william,9686031044,2,Marenahalli,william@gmail.com,william123,citizen
852,Arun Chandrasekaran,9741146009,2,Marenahalli,ArunChandrasekaran@gmail.com,ArunChandrasekaran123,citizen
857,Santosh Mahaveer,9886736009,2,Marenahalli,SantoshMahaveer@gmail.com,SantoshMahaveer123,citizen
860,Vadiraj Rao,9611416480,2,Marenahalli,VadirajRao@gmail.com,VadirajRao123,citizen
861,Manjunath Devaraju,9663378690,2,Marenahalli,ManjunathDevaraju@gmail.com,ManjunathDevaraju123,citizen
864,Muruganand D,8050282717,2,Marenahalli,MuruganandD@gmail.com,MuruganandD123,citizen
865,ankireddy obireddy,9986488857,2,Marenahalli,ankireddyobireddy@gmail.com,ankireddyobireddy123,citizen
866,Lakshmi,9620332332,2,Marenahalli,Lakshmi@gmail.com,Lakshmi123,citizen
867,Arun Krishnankutty,9243195832,2,Marenahalli,ArunKrishnankutty@gmail.com,ArunKrishnankutty123,citizen
870,SHANKER.N,9886045765,2,Marenahalli,SHANKER.N@gmail.com,SHANKER.N123,citizen
871,Dibyajyoti Mohanta,9986020986,2,Marenahalli,DibyajyotiMohanta@gmail.com,DibyajyotiMohanta123,citizen
872,Niranjan,9986258055,2,Marenahalli,Niranjan@gmail.com,Niranjan123,citizen
873,Raghurams,9845793967,2,Marenahalli,Raghurams@gmail.com,Raghurams123,citizen
881,Anubhav,8553760826,2,Marenahalli,Anubhav@gmail.com,Anubhav123,citizen
883,Suchitra,9886694747,2,Marenahalli,Suchitra@gmail.com,Suchitra123,citizen
891,Sudhakar ram reddy,9164712224,2,Marenahalli,Sudhakarramreddy@gmail.com,Sudhakarramreddy123,citizen
892,Sujatha Akshaya,9916921001,2,Marenahalli,SujathaAkshaya@gmail.com,SujathaAkshaya123,citizen
893,Sathish Rajendran,9945958571,2,Marenahalli,SathishRajendran@gmail.com,SathishRajendran123,citizen
896,Jayashree,9742527500,2,Marenahalli,Jayashree@gmail.com,Jayashree123,citizen
897,Surya,9845678113,2,Marenahalli,Surya@gmail.com,Surya123,citizen
902,Sunil,9886412503,2,Marenahalli,Sunil@gmail.com,Sunil123,citizen
905,Ramesh Dattaram,8008202822,2,Marenahalli,RameshDattaram@gmail.com,RameshDattaram123,citizen
906,Purushotham pai,7899799966,2,Marenahalli,Purushothampai@gmail.com,Purushothampai123,citizen
909,Surajit das,9686500899,2,Marenahalli,Surajitdas@gmail.com,Surajitdas123,citizen
910,ajaya kishore,9611128654,2,Marenahalli,ajayakishore@gmail.com,ajayakishore123,citizen
913,Prashanth,9980800980,2,Marenahalli,Prashanth@gmail.com,Prashanth123,citizen
916,Sunil Ramesh,9845310075,2,Marenahalli,SunilRamesh@gmail.com,SunilRamesh123,citizen
917,Arun Ganesan,9900142453,2,Marenahalli,ArunGanesan@gmail.com,ArunGanesan123,citizen
926,Prashanth V,9620912121,2,Marenahalli,PrashanthV@gmail.com,PrashanthV123,citizen
928,Venk,9945474694,2,Marenahalli,Venk@gmail.com,Venk123,citizen
932,Raghavan,9886833083,2,Marenahalli,Raghavan@gmail.com,Raghavan123,citizen
939,rohith,9445407856,2,Marenahalli,rohith@gmail.com,rohith123,citizen
943,Prasenjit Chakravorty,9164712224,2,Marenahalli,PrasenjitChakravorty@gmail.com,PrasenjitChakravorty123,citizen
947,Harogoppada Eswarappa,9738036524,2,Marenahalli,HarogoppadaEswarappa@gmail.com,HarogoppadaEswarappa123,citizen
948,Suresh Naik,9901970714,2,Marenahalli,SureshNaik@gmail.com,SureshNaik123,citizen
952,Chandra Shekhar,9741440394,2,Marenahalli,ChandraShekhar@gmail.com,ChandraShekhar123,citizen
953,Kamal,8867790186,2,Marenahalli,Kamal@gmail.com,Kamal123,citizen
954,Nirupama,9738231680,2,Marenahalli,Nirupama@gmail.com,Nirupama123,citizen
959,Abhilash,9980800980,2,Marenahalli,Abhilash@gmail.com,Abhilash123,citizen
960,Savitha Ramesh,9567320219,2,Marenahalli,SavithaRamesh@gmail.com,SavithaRamesh123,citizen
964,Ratheesh,9900142235,2,Marenahalli,Ratheesh@gmail.com,Ratheesh123,citizen
967,Priyanka,9632080925,2,Marenahalli,Priyanka@gmail.com,Priyanka123,citizen
969,Raasu venkatesha,9886674022,2,Marenahalli,Raasuvenkatesha@gmail.com,Raasuvenkatesha123,citizen
977,Ebenezer Deepak,9972244882,2,Marenahalli,EbenezerDeepak@gmail.com,EbenezerDeepak123,citizen
979,Santosh Mahaveer,8105811330,2,Marenahalli,SantoshMahaveer@gmail.com,SantoshMahaveer123,citizen
983,17thacross,8105811330,2,Marenahalli,17thacross@gmail.com,17thacross123,citizen
986,Bhuvana Subramanian,9900142235,2,Marenahalli,BhuvanaSubramanian@gmail.com,BhuvanaSubramanian123,citizen
988,Amith Pallavoor,9164766414,2,Marenahalli,AmithPallavoor@gmail.com,AmithPallavoor123,citizen
995,Karthik,9739314504,2,Marenahalli,Karthik@gmail.com,Karthik123,citizen
998,Jayantadash2003,9880211577,2,Marenahalli,Jayantadash2003@gmail.com,Jayantadash2003123,citizen
